Feature,Pearson_r,P_value,Absolute_r
Acceleration,-0.01815881916707626,0.06940034817550107,0.01815881916707626
Speed,0.017506643458100154,0.08001834421452948,0.017506643458100154
Humidity,0.01576292996092229,0.11498113191206451,0.01576292996092229
Mileage,0.007949272087663547,0.42670635043941113,0.007949272087663547
Engine Size,-0.007011826983177073,0.4832383244092687,0.007011826983177073
Wind Speed,0.00512617473193622,0.6082614068372836,0.00512617473193622
Temperature,-0.004649986818893391,0.6419722281136472,0.004649986818893391
Age of Vehicle,0.004094478036746176,0.6822473608657523,0.004094478036746176
Air Pressure,-0.0011795047070889252,0.9061185529715281,0.0011795047070889252
