Column,Q1,Q3,IQR,Lower Bound,Upper Bound,Outlier Count,Outlier Percentage
Engine Size,2.0809101185791024,4.648033011088165,2.5671228925090626,-1.7697742201844915,8.49871734985176,0,0.0
Age of Vehicle,7.0,22.0,15.0,-15.5,44.5,0,0.0
Mileage,73589.75,224359.5,150769.75,-152564.875,450514.125,0,0.0
Speed,29.502708200919564,88.49998172621608,58.997273525296514,-58.9932020870252,176.99589201416086,0,0.0
Acceleration,1.2459077137688674,3.747480654785244,2.5015729410163767,-2.5064516977556974,7.499840066309809,0,0.0
Temperature,2.331246847733253,27.423979868102613,25.09273302036936,-35.30785268282078,65.06307939865664,0,0.0
Humidity,25.73191728570302,75.27352269603655,49.54160541033353,-48.58049082979727,149.58593081153685,0,0.0
Wind Speed,5.06012574282653,15.044782008745473,9.984656265918943,-9.916858656051884,30.021766407623886,0,0.0
Air Pressure,975.096397941589,1025.0928925954395,49.996494653850505,900.1016559608132,1100.0876345762154,0,0.0
CO2 Emissions,158.4483599460882,387.95832893015665,229.50996898406845,-185.81659353001447,732.2232824062594,0,0.0
NOx Emissions,0.5659406408513511,1.513206487756878,0.947265846905527,-0.8549581295069394,2.9341052581151685,0,0.0
PM2.5 Emissions,0.05732177154648665,0.15370442760123768,0.09638265605475102,-0.08725221253563986,0.2982784116833642,0,0.0
VOC Emissions,0.0319192326649669,0.0768465787649643,0.0449273460999974,-0.035471786485029196,0.14423759791496038,0,0.0
SO2 Emissions,0.03271021564500215,0.07768725187852572,0.044977036233523573,-0.03475533870528322,0.1451528062288111,0,0.0
